ID,Visina,Vsebnost,Lokacija,Leto
1,1.74208557889336,1.06648917566269,A,2001
2,8.40850721767525,0.241625110124639,B,2001
3,3.79112718611487,0.277558122159691,C,2001
4,2.3604923010619,0.290959848490131,D,2001
5,0.270102380359859,0.620035257564735,A,2001
6,14.7344892662458,1.671510052043,B,2001
7,1.31197089673014,0.196587170100765,C,2001
8,7.28491480096751,0.183539271714032,D,2001
9,8.18846325007774,0.674484814566679,A,2001
10,10.3807321812315,1.95814232568218,B,2001
11,5.90441623173468,0.734296606362822,C,2001
12,2.39994639444518,0.470241610525932,D,2001
13,7.31126359055754,0.1905585221869,A,2001
14,20.0370752358069,0.532199276174383,B,2001
15,0.740945942877425,1.08501817314786,C,2001
16,19.2948487490969,0.608282686382702,D,2001
17,25.0423863568286,0.0659385883502056,A,2001
18,2.43021325823682,1.15252903633419,B,2001
19,15.3658827894585,0.255024331486668,C,2001
20,14.666646770506,0.752560903912259,D,2001
21,10.6063016788919,0.245793483136464,A,2001
22,5.47547324688874,0.670480622207012,B,2001
23,4.50580322950911,0.173159580122,C,2001
24,14.6833884893086,2.13391767838425,D,2001
25,17.164498522455,2.64371939433584,A,2001
26,13.2072336730979,0.774648553479662,B,2001
27,9.11423428839748,0.259616901114333,C,2001
28,4.11702757030135,0.326162621577738,D,2001
29,7.15490479421491,0.277521435993218,A,2001
30,0.920805264175794,1.1853576243756,B,2001
31,1.94151942772378,0.435210996956439,C,2001
32,10.8126768523607,0.200933995665853,D,2001
33,10.2124471858756,1.24239407574896,A,2001
34,13.6910864038513,1.31673357117859,B,2001
35,1.28952228162867,0.00650524336687921,C,2001
36,9.86687356591262,0.687141984622835,D,2001
37,0.545598788239186,1.02782441055749,A,2001
38,3.58518798493769,0.520877920808769,B,2001
39,1.5432545720345,1.39669506902625,C,2001
40,2.69059344636704,0.371901205177175,D,2001
41,5.1306619038521,0.728367358266345,A,2001
42,4.09975035153359,0.701627110826503,B,2001
43,10.8526779083413,1.9702624872266,C,2001
44,7.638471187973,1.05652214489428,D,2001
45,6.68549467707949,0.780430756940588,A,2001
46,9.63305702971493,0.904982536056505,B,2001
47,2.07766712208342,1.72255315711536,C,2001
48,5.58489313731073,1.18411286835018,D,2001
49,10.3066175056458,0.0142396158125936,A,2001
50,2.42325689668775,2.92421143841026,B,2001
51,2.28041698120173,0.826141893204365,C,2001
52,2.71652464470272,0.696723616236401,D,2001
53,9.18833383045135,1.11908630262619,A,2001
54,1.22667023582936,1.01856326673781,B,2001
55,0.585457252434211,1.10437834036581,C,2001
56,19.5000219483509,0.952898903841787,D,2001
57,16.2557666802524,0.605455042517534,A,2001
58,12.5310333301699,0.121314446741649,B,2001
59,13.4857465859416,2.09496747660787,C,2001
60,1.66080607365321,0.56949130080466,D,2001
61,10.5845618910649,0.454262959118136,A,2001
62,3.48059027609468,0.19407377151486,B,2001
63,4.39338121553345,0.760336591716122,C,2001
64,17.9788472128216,0.814024846851007,D,2001
65,18.5005300351027,1.77192613903104,A,2001
66,6.9667359352754,0.214873414897152,B,2001
67,6.45582826955604,0.647307349364085,C,2001
68,1.57346816231547,0.780297538518195,D,2001
69,6.01486814561618,0.685285850509639,A,2001
70,12.9662160518373,0.796660266824208,B,2001
71,1.41889590393784,0.345068799773359,C,2001
72,6.42895258455101,0.406058902102134,D,2001
73,9.19462788806309,0.0900352926235184,A,2001
74,19.3448918724816,1.76405468402739,B,2001
75,10.3845903417967,0.370358887915247,C,2001
76,19.3476901533362,0.69318999507679,D,2001
77,5.14239810350375,1.63824423352443,A,2001
78,0.905188931406371,0.697068558506998,B,2001
79,18.4999119057465,0.117847591936354,C,2001
80,17.5798479943647,0.451769992653572,D,2001
81,10.2620235190331,1.19661885960599,A,2001
82,8.19902819392682,0.282409880878705,B,2001
83,6.06778652908083,0.21835991487479,C,2001
84,10.8732555143181,0.955620096234823,D,2001
85,5.12940334789574,0.0618605876533258,A,2001
86,4.34639161264159,0.365322479740741,B,2001
87,19.9927725491632,2.08723795421484,C,2001
88,10.2173200718472,0.890814704269391,D,2001
89,9.88357985921548,1.95795418964772,A,2001
90,0.468611510154476,0.97313290859015,B,2001
91,4.26222284206808,0.538323982158906,C,2001
92,2.24272790256165,1.57484872682503,D,2001
93,11.2844582002187,0.0968154889635123,A,2001
94,8.95313486341326,0.453979969943103,B,2001
95,1.61681394095259,0.180523362843777,C,2001
96,2.33698707020412,1.65869132298041,D,2001
97,13.876480612009,0.5020073562067,A,2001
98,0.11293612661909,0.091662143546127,B,2001
99,14.7516049319868,1.53173611573408,C,2001
100,5.16361487329919,0.404206644416976,D,2001
101,17.0971003753516,0.511923526117603,A,2002
102,7.68811136605947,1.20975849580956,B,2002
103,16.2329816727261,1.25462349877801,C,2002
104,19.7086433394847,1.39487235681325,D,2002
105,2.63705825944524,0.910755035748421,A,2002
106,8.03790078745324,0.78476638329243,B,2002
107,0.724229495272082,0.682757761865638,C,2002
108,5.2771250339337,2.98677032403882,D,2002
109,3.3585311127994,0.0404729882756694,A,2002
110,15.4841982898434,0.563054635712716,B,2002
111,9.53064104631745,0.864889246669104,C,2002
112,12.3356445371683,1.86890417346998,D,2002
113,7.50556517383059,0.738817365136765,A,2002
114,13.2510711683415,0.406114537794512,B,2002
115,8.02655123553463,0.326833140128217,C,2002
116,5.06206326199029,0.209859562929028,D,2002
117,13.5474485913707,0.547355039304727,A,2002
118,7.60050054846621,0.492701140884109,B,2002
119,20.5899641208262,1.14750818183881,C,2002
120,7.22141998780908,1.24890908147953,D,2002
121,2.28831112572619,0.531848889911764,A,2002
122,7.926617830147,0.753055619562756,B,2002
123,4.63039225689988,0.320273444151415,C,2002
124,15.5356784550049,0.454339594192319,D,2002
125,3.60083908669372,0.331847406087924,A,2002
126,0.477870713343247,0.138474377808091,B,2002
127,3.50763620628824,1.00842681462043,C,2002
128,13.2418215537052,0.286318421745024,D,2002
129,0.347845311206164,0.0362967617666157,A,2002
130,10.443149735895,0.261625875485465,B,2002
131,4.64380241225983,0.221204727152216,C,2002
132,0.0749659730097136,1.77602849840677,D,2002
133,7.29972769333871,0.114401036306893,A,2002
134,10.1053643128513,1.39375434652227,B,2002
135,5.59446270247245,1.55273687834244,C,2002
136,5.23302615005418,0.657904640526251,D,2002
137,3.39063127208205,0.919960400946516,A,2002
138,1.31646371792231,0.739229023328725,B,2002
139,5.26610648289765,1.7066234711761,C,2002
140,3.29724486697095,0.0108486687956969,D,2002
141,8.38576080467498,0.624043842793736,A,2002
142,3.07736313434244,2.29434266558849,B,2002
143,9.20878960367911,0.828096495008795,C,2002
144,9.04203589609056,0.425260460130603,D,2002
145,0.932454700307232,1.2038030536136,A,2002
146,2.90079253638975,1.52877148085846,B,2002
147,4.47205178400731,0.605438381992754,C,2002
148,7.34664952354052,1.3505277162359,D,2002
149,0.44817087241662,1.14804073203826,A,2002
150,1.02842649898887,2.36849190356433,B,2002
151,3.92062739320258,0.172650123526735,C,2002
152,1.47392976652194,1.07691447803506,D,2002
153,0.730625757961667,0.200524854814695,A,2002
154,14.6539598956796,0.729733496792263,B,2002
155,0.983503970339166,0.700564629324309,C,2002
156,0.29683954379596,1.16846698952518,D,2002
157,0.242742548189545,0.0873715835817815,A,2002
158,4.77303577385712,1.45720631088564,B,2002
159,16.7391632400626,0.294757556154007,C,2002
160,3.02136166077419,0.814366713756999,D,2002
161,18.092100107237,0.0976539942268484,A,2002
162,11.5650553619282,1.72740500708396,B,2002
163,5.63404766542317,0.352881596564534,C,2002
164,2.65656964533202,0.388133204431533,D,2002
165,17.4011686960826,0.82735654682519,A,2002
166,4.27508824535251,0.91888315891539,B,2002
167,2.24525442743935,1.09569528423627,C,2002
168,10.4670845986015,0.0607991366386672,D,2002
169,13.5651714471991,0.256106528387878,A,2002
170,2.96910155031275,0.851638849372085,B,2002
171,3.25038342446721,1.46320659333702,C,2002
172,4.35615855133829,0.618004388800872,D,2002
173,5.65738212112464,1.05405457031343,A,2002
174,1.73490526743564,0.366145951931323,B,2002
175,0.554415910817281,0.929854699530797,C,2002
176,13.2917920929009,2.57160302484953,D,2002
177,0.637316474549377,1.20073654538532,A,2002
178,8.08589477709665,1.80651310568654,B,2002
179,14.1783956383111,0.791950627256625,C,2002
180,2.65182683623901,0.312269719072209,D,2002
181,0.660273020804912,0.5967122546163,A,2002
182,4.91646195209645,0.192299534955098,B,2002
183,8.86723259506053,0.304558766987348,C,2002
184,1.93740651195361,1.84303882960609,D,2002
185,0.551677702518528,0.29646715351254,A,2002
186,8.8812528083174,0.825278106274173,B,2002
187,9.80183294852482,1.91007109070279,C,2002
188,12.8156128359452,0.617547976677835,D,2002
189,8.71440290255058,0.326308889069405,A,2002
190,7.07750947504847,0.313702678895497,B,2002
191,10.1668596333204,0.823281816220759,C,2002
192,2.37952603698463,0.940852469177093,D,2002
193,0.435252674491418,1.45111192549268,A,2002
194,12.0170037325242,0.703465968321595,B,2002
195,6.11571476894945,0.200962261260551,C,2002
196,9.05940985527656,0.83276870410129,D,2002
197,0.989328561155539,0.579219614108389,A,2002
198,1.49209604114301,0.729075538832205,B,2002
199,15.7351084493865,0.82613815735509,C,2002
200,10.9232112634107,0.67469506935271,D,2002
201,14.8358462753668,0.475199832951539,A,2003
202,1.95629548095069,1.04061272709187,B,2003
203,7.67407565912383,0.928424601131364,C,2003
204,1.47941741043458,2.05965362935391,D,2003
205,16.7175079829403,2.36702946379206,A,2003
206,9.33569852788127,0.539925091663845,B,2003
207,3.81529137944696,1.43315109461732,C,2003
208,2.4982499824337,1.50533683908946,D,2003
209,12.4179916902995,0.147187783083554,A,2003
210,3.78233990863054,1.80224009603777,B,2003
211,3.45703777112668,1.08782810403029,C,2003
212,16.488554329612,1.15422370733196,D,2003
213,19.8587066522469,0.0542138777460768,A,2003
214,6.05003066186176,1.53505434999689,B,2003
215,6.71353642699671,0.680376928240808,C,2003
216,1.61455019572059,0.679337490695297,D,2003
217,10.2252108151594,1.50229070373207,A,2003
218,25.9124246041291,1.35327735264115,B,2003
219,16.1242054622233,2.21773119889509,C,2003
220,5.78003564083508,0.149698783583266,D,2003
221,5.88007449978885,0.838969310571243,A,2003
222,26.1529924605493,0.687356391661647,B,2003
223,3.43635155017272,1.25225177663463,C,2003
224,6.96238717251289,0.00682284094125146,D,2003
225,1.14599677948111,0.128162167407558,A,2003
226,2.60005793301496,1.41399889027522,B,2003
227,9.86749270179623,0.440271207315916,C,2003
228,3.28649766194301,0.173161274450456,D,2003
229,4.71118199432235,0.556565989180177,A,2003
230,5.12881918646815,0.297037079580211,B,2003
231,4.95299245067142,1.81186736244677,C,2003
232,14.7500341683838,2.0790277293436,D,2003
233,17.7788986588802,0.456012309632471,A,2003
234,4.36691049785867,1.14183686132717,B,2003
235,4.70835569508027,0.329893248722711,C,2003
236,11.0553506222373,0.515732191240459,D,2003
237,7.80392566858373,1.20754114157883,A,2003
238,18.0010325888088,0.0498176635367248,B,2003
239,4.30772845021035,0.224638601214356,C,2003
240,14.5780997527914,0.145201936055936,D,2003
241,19.1036486761736,0.329816183926827,A,2003
242,1.59903445299094,0.293016231269906,B,2003
243,5.1245918980282,0.440657337555458,C,2003
244,12.8288471796194,0.682336088672499,D,2003
245,7.2247820266952,1.16314068170253,A,2003
246,7.46086597176307,0.157019901564909,B,2003
247,10.4800019619149,0.206606932387321,C,2003
248,5.8429528059872,0.688451150190585,D,2003
249,5.86557544015654,0.972092222850947,A,2003
250,9.47955841723585,0.54676908674882,B,2003
251,8.58766031932623,0.91913994882247,C,2003
252,0.402303223691708,0.290486370474875,D,2003
253,2.33143171149039,1.43958884700483,A,2003
254,1.39424247615634,0.783669724657576,B,2003
255,5.97345783914595,0.567800050006396,C,2003
256,7.72985817439427,0.745491888158361,D,2003
257,22.9769215883789,0.806358419892718,A,2003
258,1.94818329708481,1.18556202945179,B,2003
259,2.01327302397951,0.299906841215757,C,2003
260,3.2506052120159,0.187859252319568,D,2003
261,19.4663913321705,1.95066172246628,A,2003
262,11.4026264762125,1.80720381662701,B,2003
263,2.52577384079346,1.69874037941986,C,2003
264,4.81897617555804,0.067429107381524,D,2003
265,1.20332589427522,1.00778162040955,A,2003
266,5.07083011271277,0.992534068544782,B,2003
267,5.94473410977012,0.249391171007571,C,2003
268,17.512704598098,1.04326767816366,D,2003
269,6.83731071294471,0.0114840337176032,A,2003
270,4.22548175370651,0.28873732267396,B,2003
271,18.3052818346443,0.0446100315378649,C,2003
272,2.4895222483401,0.11218379431302,D,2003
273,12.9007951922718,1.07991414562628,A,2003
274,18.5946810794482,1.46500152321053,B,2003
275,8.03144065021394,0.0856643951291182,C,2003
276,15.9949745794177,1.27761336919354,D,2003
277,7.58656395572083,0.864059381441821,A,2003
278,3.71147172100266,2.27927924373659,B,2003
279,9.26769626807963,0.127946752998112,C,2003
280,11.9012448713718,0.914012910886142,D,2003
281,9.19833541842374,0.815342599441038,A,2003
282,0.0221555107316198,0.163283580233708,B,2003
283,1.12861417487352,0.514685864003519,C,2003
284,8.26358753416866,0.287165014960499,D,2003
285,3.18948919508471,1.22189449095974,A,2003
286,5.85666171496571,0.571780846782027,B,2003
287,8.69789037055353,0.0095437475795063,C,2003
288,2.49838544190164,0.274160639234031,D,2003
289,18.2835780859128,1.10389260765527,A,2003
290,4.5394049690078,1.14056928216331,B,2003
291,13.2248387682426,0.245641409424059,C,2003
292,4.85332300639152,0.615205932945492,D,2003
293,16.1015787802898,0.0438963590895451,A,2003
294,8.45446238331422,0.0310455241561737,B,2003
295,10.6985654609053,0.690931509744926,C,2003
296,5.69542338170001,0.677891984853986,D,2003
297,0.254338698006279,0.608577430476869,A,2003
298,9.70935979002626,0.136480051596746,B,2003
299,0.424194951667096,0.227395659899961,C,2003
300,0.848581680027372,0.788184162096124,D,2003
301,15.8864330264278,0.0866534334233809,A,2004
302,8.01107420525168,0.939781503223166,B,2004
303,9.2680613971959,0.105860816352941,C,2004
304,2.31329378247624,1.70972037473968,D,2004
305,1.52940556158377,0.49873186428343,A,2004
306,3.81075726334835,0.955546199610025,B,2004
307,6.68155491052463,1.79529450021881,C,2004
308,17.7734498125792,0.098043989431429,D,2004
309,11.361034424775,1.4707727279007,A,2004
310,15.6024648985354,0.784589009287333,B,2004
311,10.0775970862181,0.773479681204491,C,2004
312,17.8720756009901,0.709701161961895,D,2004
313,1.07077485393085,0.839735740362038,A,2004
314,12.3716618063796,0.773225395777471,B,2004
315,7.3044181878622,0.394420921396685,C,2004
316,3.49115336057716,0.937696940848545,D,2004
317,12.65019832362,1.39692631501513,A,2004
318,10.2614369196782,2.79396496783139,B,2004
319,0.635269587427933,0.849546508572448,C,2004
320,8.5409386503823,2.13983198798306,D,2004
321,9.34201797060222,0.622234050038451,A,2004
322,6.14965337215236,0.345416955939064,B,2004
323,16.653747389161,0.970056485761077,C,2004
324,4.57305721292827,0.32052221509259,D,2004
325,12.2239518475071,0.587863261281269,A,2004
326,3.54982134257305,0.646569245018228,B,2004
327,2.76680105992231,1.03802117894404,C,2004
328,1.63043783035066,1.63122952786953,D,2004
329,15.3391799098522,0.0827820445284178,A,2004
330,1.37271688985652,0.512420676170493,B,2004
331,5.83833467316715,0.66884171309122,C,2004
332,8.22497838621271,0.48648566825161,D,2004
333,1.70292298821486,0.810043052806119,A,2004
334,6.48501493005326,0.0730300293963174,B,2004
335,10.778407424541,1.16533054443412,C,2004
336,5.82617394887771,0.342969825346107,D,2004
337,12.9616016274777,0.494465695150944,A,2004
338,5.70538829012807,2.86878319961657,B,2004
339,1.29033265002327,0.529786054315817,C,2004
340,6.42105156043305,0.714418771573378,D,2004
341,2.47063445114744,1.77724672213486,A,2004
342,14.6369412239013,0.287668055829948,B,2004
343,14.0881352401956,0.494937637762524,C,2004
344,2.86757462768263,0.295445313321792,D,2004
345,5.85535292690821,0.121851057030189,A,2004
346,15.0418858075068,0.985534035638524,B,2004
347,11.5912805186009,0.388267791522832,C,2004
348,7.39552575178839,0.82272021225592,D,2004
349,13.493913022249,0.0408769243501622,A,2004
350,6.54785968530635,0.183074385779615,B,2004
351,5.28211849053749,0.331215843834722,C,2004
352,2.38377605663387,1.08815917672111,D,2004
353,10.8156669535874,0.330146302849818,A,2004
354,8.80947425659244,1.99743357047523,B,2004
355,7.47886234850815,0.56523232699068,C,2004
356,4.69574039013772,0.973893693360219,D,2004
357,8.75585973585797,0.0968476128188371,A,2004
358,2.79438085042389,1.97513969193553,B,2004
359,6.96494289775104,0.103821911318408,C,2004
360,5.67907348828266,0.84813602803341,D,2004
361,2.65415589694913,0.61534247012709,A,2004
362,3.1519012007652,0.786853414660614,B,2004
363,2.46387247562482,0.746843510188408,C,2004
364,6.93956342639557,0.780406199675895,D,2004
365,2.20858260779007,0.179043374564877,A,2004
366,4.39593943676048,0.487566650211323,B,2004
367,1.22069556623541,0.993049727110544,C,2004
368,23.2892467805973,0.33125779760786,D,2004
369,11.1538844853979,0.754382222181682,A,2004
370,6.47440527784877,0.464904835921885,B,2004
371,5.37313680157384,1.90528489531658,C,2004
372,10.1421339712391,1.40267338473045,D,2004
373,24.4453501907701,1.14624693025181,A,2004
374,18.7494972823401,0.649313737622487,B,2004
375,8.16107192700792,0.829002266698048,C,2004
376,2.63550247542943,1.00996695152608,D,2004
377,1.67426451368328,0.939713539523777,A,2004
378,2.57098247651604,0.131706863330739,B,2004
379,4.12426270512247,0.23490364925872,C,2004
380,8.6394851488315,0.157011705406068,D,2004
381,15.322058806462,0.716767224571359,A,2004
382,5.45144797491434,1.17392820172686,B,2004
383,19.5512915103461,1.47214153568962,C,2004
384,11.7707145901608,0.373590865095562,D,2004
385,4.3082100100304,0.522403313719339,A,2004
386,26.104425844106,0.238957025809264,B,2004
387,0.558747927621063,0.573355482593552,C,2004
388,6.80816435096212,1.19335793408912,D,2004
389,13.595842284695,0.399863912633648,A,2004
390,11.1046820697786,0.689284966493634,B,2004
391,8.37028260087002,0.980015053681903,C,2004
392,7.4192036495266,0.0747696927320177,D,2004
393,0.40654556235641,1.10135811983926,A,2004
394,1.51581823030458,0.295234108288486,B,2004
395,11.6425301523838,2.09073234353231,C,2004
396,12.1140758452215,0.0137316441539946,D,2004
397,3.32533468259053,0.0902796326184145,A,2004
398,9.26833256037152,2.16248229453499,B,2004
399,14.5917519719913,1.40418762487838,C,2004
400,3.50133183696022,1.09157759774937,D,2004
401,9.30768975927755,1.85487297943016,A,2005
402,2.67730772504811,1.27810436410452,B,2005
403,2.04071157193403,0.353331908480639,C,2005
404,12.2068992191818,0.0881545266630448,D,2005
405,3.20793396407722,0.930545300385005,A,2005
406,8.20677304093681,0.82402507566612,B,2005
407,2.48800523293652,1.36628906875644,C,2005
408,4.07303497111517,1.00050564922378,D,2005
409,7.03486989180005,1.27192105996306,A,2005
410,2.54928171389377,1.76342799103832,B,2005
411,2.18893471115561,0.0377344680438244,C,2005
412,3.82409871546144,0.46858462301597,D,2005
413,3.07386418583791,0.168966479995996,A,2005
414,0.690776950167745,0.920630242361174,B,2005
415,9.54458851969618,1.80468366641604,C,2005
416,1.78307773253706,0.733152523306938,D,2005
417,5.60008800193791,1.56042749648216,A,2005
418,8.74966976505152,1.42686721516722,B,2005
419,19.5104473848251,1.09477225189298,C,2005
420,9.38617346115278,0.949084110764582,D,2005
421,4.75400910335826,0.0173620461401648,A,2005
422,3.55472624656832,0.617025041452671,B,2005
423,13.3130604720172,1.10740410179652,C,2005
424,3.29229495279974,1.70452671243325,D,2005
425,5.79335571408349,1.35580916079121,A,2005
426,3.2933445305002,0.743716096932586,B,2005
427,2.35428864690591,1.16496654140067,C,2005
428,8.48085801740824,0.614279900083882,D,2005
429,6.25865044333391,1.4317732757311,A,2005
430,2.47440998047829,0.973556077156137,B,2005
431,6.74907565954769,0.252689609437335,C,2005
432,0.238937178910129,0.178999204399888,D,2005
433,25.8447777141699,1.04028190467102,A,2005
434,7.16047641275258,1.98075557500194,B,2005
435,18.9832078420194,0.644978471329203,C,2005
436,3.21407981707128,1.72676007036189,D,2005
437,15.6905241715441,0.948086123988983,A,2005
438,0.636807122096714,0.35532656050737,B,2005
439,21.0567075499255,0.39834450868809,C,2005
440,9.22776615148311,0.665592503253174,D,2005
441,8.16018372483882,2.00331456263822,A,2005
442,8.00989355879891,0.551525032156252,B,2005
443,0.602482366720701,0.634711236167424,C,2005
444,0.712780223047307,0.18814062861141,D,2005
445,12.7987202106889,0.598800627882438,A,2005
446,17.1676991903341,0.959494823393381,B,2005
447,3.95280546279378,0.682070882147436,C,2005
448,14.5401609856343,0.872609462561275,D,2005
449,3.66791670689584,0.207953269726567,A,2005
450,19.2045022472498,1.84535161092473,B,2005
451,7.86170030214489,0.16994283649123,C,2005
452,6.91356854774634,0.0380142924763276,D,2005
453,7.68402368447366,0.390236175218418,A,2005
454,9.20412416477762,0.0143259147120455,B,2005
455,3.84875877296269,1.2595616258079,C,2005
456,4.42100828921944,1.32982962744842,D,2005
457,6.34156733598512,1.78491724403793,A,2005
458,8.93421894061681,0.956595050310021,B,2005
459,15.2425445982836,1.58983046937977,C,2005
460,1.10488230129238,1.35409994493345,D,2005
461,9.23222363384551,0.626675331580095,A,2005
462,12.2390968121523,0.228399924168349,B,2005
463,2.54239527066051,2.34219154151784,C,2005
464,8.93985929768378,2.1176948570693,D,2005
465,1.76661649911926,0.476550114126642,A,2005
466,7.39598415463453,0.49486998589191,B,2005
467,12.4080304025128,1.15836478053586,C,2005
468,5.81271468569054,0.296839934998882,D,2005
469,4.45188948122524,0.111028626968552,A,2005
470,2.7500586089953,0.885256670766238,B,2005
471,9.93886528575542,0.711984481109318,C,2005
472,0.608691050469031,0.113570715472855,D,2005
473,33.2660522444989,0.714788904385899,A,2005
474,2.76718086252203,0.612445686976188,B,2005
475,18.3705407363208,2.70224978005967,C,2005
476,0.455229839365495,0.456882171125028,D,2005
477,14.9684023523498,2.05639871718488,A,2005
478,10.4941063029937,0.817267494124959,B,2005
479,13.039068292019,0.399533519226933,C,2005
480,1.30210954274543,1.59332705148226,D,2005
481,8.7050556310815,0.720418026195941,A,2005
482,1.78746275783417,2.50836466174191,B,2005
483,0.558028652878655,0.831565972839411,C,2005
484,2.02347306320127,0.379757670740433,D,2005
485,15.955137939842,0.689296611989136,A,2005
486,13.9823434289164,0.014761258369538,B,2005
487,11.0900758927344,1.5086095959647,C,2005
488,4.88245840551569,0.373805046785855,D,2005
489,12.4858399550035,0.804763013474634,A,2005
490,0.884546191732204,1.47687690553257,B,2005
491,4.01155474297039,0.569151479587759,C,2005
492,19.8508337754731,1.84330050944121,D,2005
493,16.7940000644585,0.204649837603845,A,2005
494,0.699527622010666,0.924380827371938,B,2005
495,6.17827947922012,3.43085269728909,C,2005
496,0.765786129435767,1.57561296328575,D,2005
497,11.757058099925,0.297165249525805,A,2005
498,7.05360075361456,0.560239253176313,B,2005
499,0.615797169635542,1.40017483277224,C,2005
500,5.0310761795954,1.04011839321576,D,2005
501,14.2248293472168,0.84346712526224,A,2006
502,9.83622884510212,1.50525237232459,B,2006
503,3.8605820378564,0.848594193307937,C,2006
504,22.9441956417697,0.437847733963066,D,2006
505,12.475322736043,0.857391348130132,A,2006
506,5.53049432254177,0.570871377555303,B,2006
507,13.8237426876861,0.792298912952392,C,2006
508,7.44001914018179,1.55908623069415,D,2006
509,11.4370394766257,0.397266365409752,A,2006
510,10.1506187840564,0.32849707243744,B,2006
511,11.5946175752518,0.296265031478321,C,2006
512,3.07629523786369,1.17294680874391,D,2006
513,11.0791465782063,0.767710467002294,A,2006
514,0.452050316986799,0.388808028648825,B,2006
515,5.46296143540103,1.12130904647863,C,2006
516,6.77053304015445,0.772452481016456,D,2006
517,0.903588494398888,0.0743349476091118,A,2006
518,3.94330200266291,0.894761170898016,B,2006
519,2.44750734447467,0.391477641895827,C,2006
520,9.72937495391339,0.133851030879643,D,2006
521,1.49376957773103,0.185407325360161,A,2006
522,12.1276862011453,0.429700109319653,B,2006
523,16.9934670538423,0.701833508931271,C,2006
524,4.41662443456111,0.916754104248867,D,2006
525,9.85280506682152,1.60741901867309,A,2006
526,1.77227603190319,1.54164864541975,B,2006
527,20.9441669335184,0.57380797813695,C,2006
528,7.25738556382044,1.67479797196466,D,2006
529,0.107982741974614,0.134741774199947,A,2006
530,12.4918695507674,1.38568578293596,B,2006
531,5.09786465853819,0.794929866044805,C,2006
532,18.0366430133428,0.239466277086913,D,2006
533,15.6953034295284,0.756150347626352,A,2006
534,4.34515694543929,0.828043701496484,B,2006
535,5.65948153317744,0.999137871453272,C,2006
536,1.63489405936019,0.166318906425825,D,2006
537,5.25872182424484,1.12384714556855,A,2006
538,7.03519061739496,1.18333977632013,B,2006
539,4.1236986437505,0.318218824154262,C,2006
540,11.8337582986109,0.385682493225585,D,2006
541,25.7795812488066,0.320438650173066,A,2006
542,8.04830666481852,0.780807348388681,B,2006
543,2.68769417949049,1.20158674644603,C,2006
544,1.82079052903529,0.391893735937607,D,2006
545,7.61088352696439,1.36930069204166,A,2006
546,4.08552918459475,0.38163080080536,B,2006
547,2.3958689967549,0.0298637835372272,C,2006
548,2.41825837355589,0.567328815261861,D,2006
549,10.2008847501095,1.68028700640475,A,2006
550,2.0565800069634,0.594567771568823,B,2006
551,4.71441918670714,0.415664686186611,C,2006
552,9.89312202848768,0.616532301242873,D,2006
553,1.3326218696869,1.18902706189853,A,2006
554,7.32373758424696,0.882438478641963,B,2006
555,8.93645978705671,0.131289670744948,C,2006
556,13.8093021190895,0.119575014022553,D,2006
557,2.28152237101292,0.286067435428001,A,2006
558,1.07930952389462,0.144258379969094,B,2006
559,18.1465920024233,0.350778227045757,C,2006
560,0.645697889362437,1.51811688078585,D,2006
561,8.57955243795356,0.845513846424397,A,2006
562,0.766454152232754,0.826097126217447,B,2006
563,5.71572828300251,0.531560464339089,C,2006
564,4.24937610685825,0.508616696015191,D,2006
565,14.1750974102934,0.485304881909285,A,2006
566,4.42226050816299,0.846947274051543,B,2006
567,10.5034826324917,1.09914741631972,C,2006
568,11.8861725869845,0.55267621336069,D,2006
569,8.13524248736658,1.6032213024522,A,2006
570,0.255524479918731,1.6251430878817,B,2006
571,0.576045403376641,1.16330071446454,C,2006
572,0.601197673786001,1.27892475224853,D,2006
573,17.8004438261164,0.782892540013686,A,2006
574,8.16112540346103,1.28298892827648,B,2006
575,7.0459581419057,0.0073297273047986,C,2006
576,14.5118343417418,0.663432202926243,D,2006
577,14.3296122398101,0.466579375066537,A,2006
578,13.7509644911478,0.103205956540615,B,2006
579,3.41207277316958,1.39988557168995,C,2006
580,10.144531964746,0.929904971317531,D,2006
581,16.2391799752926,0.390723419873606,A,2006
582,9.0111513684015,0.748350927564487,B,2006
583,7.29245636876013,0.0193531594241439,C,2006
584,0.906380080452029,0.670499058743865,D,2006
585,11.9361198744349,1.73632809700811,A,2006
586,1.46494561450314,0.494242809211461,B,2006
587,12.8174279641579,0.797929555481521,C,2006
588,18.6780363505662,0.318785176868303,D,2006
589,15.6742704562929,1.31597449944537,A,2006
590,13.273806896587,0.837976480233287,B,2006
591,11.6683399534354,0.0456894399744,C,2006
592,14.3554982921198,1.45274401309298,D,2006
593,14.0012778871988,0.943382755993277,A,2006
594,3.40350162933749,0.468765993094572,B,2006
595,8.49436995119304,1.49908614808744,C,2006
596,17.8232707217975,2.27099064922329,D,2006
597,0.209638338545884,0.0620977384903472,A,2006
598,6.27406773161269,0.41666468145078,B,2006
599,12.5846447553902,0.27885013981783,C,2006
600,1.98103506942389,0.922664982323035,D,2006
601,4.76128444770873,0.951039136461048,A,2007
602,15.3064170941437,1.39287176562912,B,2007
603,8.71822530395373,0.895222079524126,C,2007
604,7.53962992747086,0.484813266497926,D,2007
605,6.0280200974166,0.804412535675252,A,2007
606,25.7713536921903,1.26212943603596,B,2007
607,7.60198099640507,0.869550953008243,C,2007
608,19.8898574628338,1.24897419593861,D,2007
609,7.93209705053252,0.805864279004807,A,2007
610,14.2406544367591,1.45782016249538,B,2007
611,13.3569806557593,1.03177737356828,C,2007
612,0.970906107416302,0.975080142976966,D,2007
613,3.24302836891924,1.49644500874833,A,2007
614,2.2288663372533,0.874597330553806,B,2007
615,1.34737129550363,0.121914071742775,C,2007
616,3.37660163906855,1.36949618671862,D,2007
617,13.4437066940851,0.576011136314616,A,2007
618,4.66235903282101,1.55013095686139,B,2007
619,9.65555236811618,0.152970634466676,C,2007
620,15.5038231659209,0.707615677130266,D,2007
621,6.37419105296243,0.192117308473336,A,2007
622,11.5097666050559,1.31731534228124,B,2007
623,12.3472553757446,0.0581973562310109,C,2007
624,9.36324467344142,0.624522888318952,D,2007
625,5.46981941178066,1.70581488023844,A,2007
626,9.08535540992627,0.354546548699629,B,2007
627,6.25549069518178,1.1105562364745,C,2007
628,7.12318314898223,0.411368079245823,D,2007
629,4.56401103167129,1.44460833783448,A,2007
630,11.1766598801121,0.890542322281423,B,2007
631,22.671295604327,0.0308873351248895,C,2007
632,0.523429207989022,1.09056499109198,D,2007
633,4.06723201381412,0.183445332580095,A,2007
634,8.15181989826719,0.490394548740924,B,2007
635,7.6934069737414,1.29061236580474,C,2007
636,18.2104155658899,0.00576378040304025,D,2007
637,23.618652551648,0.157696987007849,A,2007
638,4.98028222335464,1.13079673755828,B,2007
639,1.39003238286734,0.111352002436539,C,2007
640,8.61223178581637,0.643540969773021,D,2007
641,16.4498219207809,0.640538533177902,A,2007
642,4.25302183459507,1.57302176154313,B,2007
643,18.1761156588045,0.316577748291208,C,2007
644,3.48642221705634,0.572439928871338,D,2007
645,7.51484582546462,0.41934756889979,A,2007
646,1.99844382021251,0.340885407850052,B,2007
647,1.32758465958151,1.75588193599055,C,2007
648,9.62251022903715,1.23061572659111,D,2007
649,1.03966079761783,0.180333133570211,A,2007
650,13.1204141091397,2.10213862299047,B,2007
651,5.34144450548023,1.95876471265967,C,2007
652,7.32827913480266,0.440483672628158,D,2007
653,3.76675210199814,2.63799187737868,A,2007
654,14.6737292442375,1.01835957101735,B,2007
655,7.58762069801526,0.0659815784691978,C,2007
656,3.96009573905354,1.52917967203808,D,2007
657,15.0269153769586,0.947928184726251,A,2007
658,10.3825863824186,0.400958469294955,B,2007
659,22.2540296463289,0.383394534595574,C,2007
660,3.26554510998627,0.581954522078704,D,2007
661,1.66648864693628,1.45528652468572,A,2007
662,14.2961815948266,1.53006317479298,B,2007
663,0.971706522624661,1.25694717692187,C,2007
664,14.5914246162891,0.333686003587682,D,2007
665,0.667671854760292,0.0637883068752081,A,2007
666,11.2061156286422,0.30386740641202,B,2007
667,2.25714635920386,0.521170985699841,C,2007
668,17.4008575490156,0.61729528017791,D,2007
669,9.1083829038645,0.681043053807791,A,2007
670,18.1260287939005,0.850338412030306,B,2007
671,4.31709340633685,0.227437286488444,C,2007
672,0.173839536163001,1.47474225103011,D,2007
673,9.26969754931924,0.139981728372861,A,2007
674,4.9201790960434,0.796127218241381,B,2007
675,5.43541817710817,0.17400711541738,C,2007
676,7.6925479319718,1.1475630297612,D,2007
677,8.9685977097351,1.38390409212282,A,2007
678,6.99941208569027,0.21837291920221,B,2007
679,5.82308207144677,0.11947970360158,C,2007
680,2.95954986170351,0.195495633521049,D,2007
681,7.08425559422778,0.513128847862288,A,2007
682,3.75416312181336,0.563457781531897,B,2007
683,1.98865415470979,1.82987471837859,C,2007
684,7.61646102236585,0.580041923464527,D,2007
685,23.7474935718783,0.183236968218652,A,2007
686,2.33096835943505,1.17867578528166,B,2007
687,1.21299113614034,0.185408373925887,C,2007
688,0.952310806136187,0.608605998455421,D,2007
689,4.26741766550166,0.140112109307751,A,2007
690,5.3655501114391,0.877104281329972,B,2007
691,18.262067533651,0.638208677244001,C,2007
692,10.6508087711675,1.87862825970329,D,2007
693,5.54671688033027,0.808510130950333,A,2007
694,0.803653478979389,0.489419417532996,B,2007
695,9.43590283405205,2.76323718404777,C,2007
696,14.1605813176175,0.696933396232265,D,2007
697,0.979663570447928,0.315917620708812,A,2007
698,7.8628425717456,0.905686919638091,B,2007
699,6.63193453465101,0.283079911901103,C,2007
700,3.84221927572718,1.02951843810757,D,2007
701,9.48475937574214,1.91721088662139,A,2008
702,25.305475283473,1.18446881231683,B,2008
703,9.14832403380991,0.51480248151835,C,2008
704,3.86316739323401,0.797355882148954,D,2008
705,6.77317888048214,0.223136497830213,A,2008
706,9.25869912971872,1.37561197366233,B,2008
707,5.48086828250875,0.328580855880215,C,2008
708,7.13101245564502,0.0388278025737451,D,2008
709,12.7465480617773,0.977549832558952,A,2008
710,3.73564478999586,0.703523215192713,B,2008
711,3.13315637269229,0.629607009057214,C,2008
712,17.3049378905181,0.595816411675798,D,2008
713,5.04842257018811,1.62326694533447,A,2008
714,3.04547619651274,0.193914486526199,B,2008
715,1.98408007408889,0.526839675935437,C,2008
716,7.68834528803137,1.38926852109215,D,2008
717,8.32087133189209,1.09564635512983,A,2008
718,18.1948686272674,0.582476239457861,B,2008
719,11.2873394408708,0.333799015214489,C,2008
720,2.58681216502545,0.855144950438669,D,2008
721,19.3364168818922,0.227899670095334,A,2008
722,13.8799109703413,0.916093755287358,B,2008
723,3.70357759499561,0.0566977274061662,C,2008
724,9.72234637153587,2.82960437159367,D,2008
725,12.4240018992534,0.869633319630047,A,2008
726,0.166337711106154,0.231229517305593,B,2008
727,10.8461160012648,0.106623824847011,C,2008
728,3.18658280427316,1.39464247404213,D,2008
729,10.5549909208452,0.994274046754138,A,2008
730,3.68770855755108,1.18678831542417,B,2008
731,0.317033850771901,0.183547143445764,C,2008
732,0.0840632819904913,0.065991062830684,D,2008
733,1.66220055547763,1.66808517464341,A,2008
734,5.44268689278581,1.95725092177135,B,2008
735,3.9202631163419,0.0497876043054267,C,2008
736,14.2482548544479,0.206557535865203,D,2008
737,5.94342235328188,1.03497018878461,A,2008
738,1.17718911394943,0.206094137854372,B,2008
739,10.1576215158485,1.66910821304444,C,2008
740,0.121398544323188,0.659142497486884,D,2008
741,11.9473668906107,0.921623958273593,A,2008
742,5.16767201837977,0.443272175896803,B,2008
743,5.32704257846467,0.153182973284979,C,2008
744,13.3902586963174,0.546028259319755,D,2008
745,23.5980784485678,0.607575702570694,A,2008
746,7.19874789144753,0.0477186027307137,B,2008
747,15.1083154983498,0.746157983795,C,2008
748,6.47795308315644,1.43131320964967,D,2008
749,12.196957657217,0.828117035590757,A,2008
750,17.8035388170102,0.472761363220749,B,2008
751,4.15454346528515,0.0332273446404963,C,2008
752,2.88190307833431,0.18678794421678,D,2008
753,2.78321743928222,1.37816999207546,A,2008
754,4.23410617490654,0.457196392267999,B,2008
755,2.89375226716213,0.256620900887953,C,2008
756,15.3787085477494,0.834866450473827,D,2008
757,8.19733865629628,0.955308593771975,A,2008
758,9.02929762338779,0.571092763019218,B,2008
759,14.4728087713833,0.225755765589364,C,2008
760,21.0749820582643,0.141734608910674,D,2008
761,9.03259112861866,1.03451673072317,A,2008
762,3.11441608622098,0.20660323714442,B,2008
763,12.9428188674334,1.30951833121876,C,2008
764,8.32139501738828,1.12671192603447,D,2008
765,4.47188834221837,1.43312354795198,A,2008
766,35.9407898314061,0.101104405307558,B,2008
767,9.20485457467411,0.461850894862276,C,2008
768,2.99691355934686,0.531800719134904,D,2008
769,0.694188088349112,0.998178776273148,A,2008
770,7.66627023241535,1.32046514446915,B,2008
771,0.463942265207406,1.06365800289576,C,2008
772,1.954960112592,0.405990888975785,D,2008
773,14.8160768809883,0.84757761540684,A,2008
774,9.13187219770536,0.230774345865443,B,2008
775,16.8621067238459,1.58327596556185,C,2008
776,6.72077029699203,0.489413059090422,D,2008
777,2.18687403199628,0.0933354290446814,A,2008
778,3.26869395923496,1.74669676605206,B,2008
779,12.042618554011,1.14425149226987,C,2008
780,3.19505838966933,0.00271009460687,D,2008
781,4.76942744819511,1.31097978715871,A,2008
782,4.28078495736893,0.0871285835057939,B,2008
783,0.546242580304894,1.87880769094566,C,2008
784,3.21791981864818,1.02691002483274,D,2008
785,0.498082522545483,0.330717540253898,A,2008
786,0.38758192269243,1.07450912129068,B,2008
787,8.27355647464751,0.138342866267388,C,2008
788,16.3279315851979,1.48446873512801,D,2008
789,2.88603562208124,0.747970480366497,A,2008
790,0.936949129534479,0.476737255584115,B,2008
791,5.72740897179405,2.23802730751982,C,2008
792,7.32876858816875,0.392645565347341,D,2008
793,2.53528340666092,0.716306685878776,A,2008
794,0.60679070005634,0.173968551191632,B,2008
795,1.70688791708964,0.797683788871444,C,2008
796,2.19416957092899,0.42048022023994,D,2008
797,11.7290516371314,0.676795898793281,A,2008
798,6.91270525638832,0.183072506643999,B,2008
799,0.740269632455555,1.10456164537836,C,2008
800,9.6186325204449,0.342186605462958,D,2008
801,5.76639166836125,0.845782869550048,A,2009
802,11.8734254400567,1.69457887965163,B,2009
803,6.94219309987264,1.92032083600021,C,2009
804,9.87086872830403,1.69855880489344,D,2009
805,6.69574988863344,0.286460275685267,A,2009
806,0.882425060784721,0.650213158425222,B,2009
807,16.2987503039701,1.29767873597693,C,2009
808,8.45122991500335,0.910051718206079,D,2009
809,11.6111227815745,0.211962595276593,A,2009
810,4.99738983353573,1.07240725062219,B,2009
811,2.60047324772524,0.293644803502571,C,2009
812,17.0922227681745,0.444544653208673,D,2009
813,7.76837806083131,0.672200241796331,A,2009
814,10.7596842822974,0.866624435713286,B,2009
815,5.79546434847795,1.45403254998088,C,2009
816,7.56113745017536,1.7753428223768,D,2009
817,9.87350101905478,0.221351152956561,A,2009
818,0.333430529780178,0.14276839645886,B,2009
819,6.88101917421594,1.94535981603361,C,2009
820,3.68956237574119,1.25319551055819,D,2009
821,3.74734251829124,0.0493305518211536,A,2009
822,10.9710472346497,0.312618484803095,B,2009
823,16.3563554783247,0.538096922391907,C,2009
824,12.5265833426457,2.03214558422995,D,2009
825,11.5445296863265,0.784167422446327,A,2009
826,10.3841242557836,1.38730164179509,B,2009
827,3.45916232981487,1.23132746232046,C,2009
828,2.78055796475062,0.376024470750202,D,2009
829,13.0517784776517,0.220458941052813,A,2009
830,5.3059306299032,0.234640953400218,B,2009
831,5.15486105374883,0.259222206391395,C,2009
832,4.48246402595208,0.30186965907742,D,2009
833,6.67107313689785,2.09318831334262,A,2009
834,6.16230474989486,1.2599342742099,B,2009
835,11.6939187306177,0.989055428102471,C,2009
836,10.3664243223231,2.56396969593139,D,2009
837,16.329405181016,0.965895449838799,A,2009
838,18.1628561480661,1.18830562263558,B,2009
839,12.0055421605706,1.11929698511591,C,2009
840,19.4538312236149,1.33269298899627,D,2009
841,3.66855452607612,1.56106123199639,A,2009
842,6.83938752327712,1.05694797836759,B,2009
843,18.3771903332545,0.383659842093002,C,2009
844,9.29698707251492,0.958169851076327,D,2009
845,2.76849885189111,1.19633148552239,A,2009
846,19.8496925660008,2.19957436757812,B,2009
847,10.4005080350737,0.784204490145037,C,2009
848,5.9234012681134,1.91235230211586,D,2009
849,2.07667404299444,0.179036758466654,A,2009
850,4.40084622867839,0.00881090598574376,B,2009
851,6.6059275163016,0.692670352924139,C,2009
852,4.59181764870516,0.0895276427556976,D,2009
853,3.57930089878587,1.33003122689567,A,2009
854,10.0564471172109,0.578715558331375,B,2009
855,3.42064790216716,0.379168858647953,C,2009
856,9.76945893423807,0.312066455395128,D,2009
857,7.98384915376716,1.60778053673045,A,2009
858,7.83448473897414,0.0416372631321789,B,2009
859,1.6246297295369,0.385505985472274,C,2009
860,4.68239279169891,0.570396989461108,D,2009
861,19.1963915639951,0.472713395023654,A,2009
862,0.645290235202287,0.270841258300757,B,2009
863,1.93476396413527,0.161800977562372,C,2009
864,3.93389130514116,0.32264076656948,D,2009
865,10.6459016082987,1.22413065013841,A,2009
866,2.57229880269052,0.259169083581528,B,2009
867,1.56153585993267,0.800115316112907,C,2009
868,0.710735577566959,3.23287650704616,D,2009
869,13.6997142685746,1.08083568557423,A,2009
870,9.19289573133456,0.567930799291009,B,2009
871,2.49579463569221,0.381344674424363,C,2009
872,5.93447808340256,0.891459274868226,D,2009
873,4.28500116288586,0.886443664283675,A,2009
874,8.39196396615869,0.377943056836614,B,2009
875,8.76828316940105,1.49000640213257,C,2009
876,10.9584973069672,0.363540272238984,D,2009
877,3.54465731683295,0.703618725688943,A,2009
878,6.2273139581637,0.456271664986764,B,2009
879,8.40610365235118,1.18211838324728,C,2009
880,9.58280550365771,0.338029599781083,D,2009
881,8.68364054624712,0.41582436163701,A,2009
882,3.00513671918838,0.561360180339698,B,2009
883,13.3758935993859,0.0839566563051299,C,2009
884,6.00460004749751,0.0908957613025724,D,2009
885,0.98083933484924,1.56320471030074,A,2009
886,5.28830813048341,0.516567778969253,B,2009
887,1.78302715126611,1.1650895856836,C,2009
888,2.75811647449913,0.76552010424284,D,2009
889,1.24675042416816,0.465531165889449,A,2009
890,16.4166291879514,0.677331490984843,B,2009
891,8.19669165051047,0.096555377281104,C,2009
892,3.29652095206373,0.100042395401896,D,2009
893,23.0859311948346,0.324100352418792,A,2009
894,10.8612474176199,0.600544209294578,B,2009
895,8.48083609883254,1.17205060102179,C,2009
896,1.65156220520629,1.98404500660326,D,2009
897,0.681476652232703,0.567376167987044,A,2009
898,4.82770043943873,0.558936735228435,B,2009
899,8.88591496206909,1.74769768438231,C,2009
900,13.9870994595851,0.915061817016078,D,2009
901,8.99901509003035,0.274907597735026,A,2010
902,10.5377755755101,2.76940232094164,B,2010
903,0.493011595016181,0.463038728705563,C,2010
904,2.57198734669854,0.610252297951906,D,2010
905,19.2678542097848,0.48047599256658,A,2010
906,7.48499409569216,1.24257053101247,B,2010
907,0.767592802542275,1.31326565160292,C,2010
908,6.80641768967906,0.642672834563083,D,2010
909,6.76987148551021,0.497330568461925,A,2010
910,18.1758100481669,2.59069976057703,B,2010
911,3.25537525002467,2.38262679262987,C,2010
912,15.7533971345358,0.879485805513146,D,2010
913,8.30599071188809,1.96035498381068,A,2010
914,2.84489841867098,0.848948520302676,B,2010
915,1.21818908026222,0.270834490806037,C,2010
916,2.68899287074051,3.04295363557016,D,2010
917,2.87799157426853,1.26444207034167,A,2010
918,3.91550961494355,0.482016246688878,B,2010
919,0.000886317638408664,1.42611415268225,C,2010
920,11.7103839530514,0.0366092214193406,D,2010
921,7.23974350948121,0.671284991544693,A,2010
922,4.91847986294955,1.07618209151968,B,2010
923,13.7098844656651,0.858472558846641,C,2010
924,4.63428102927793,0.691776433536979,D,2010
925,6.05858792360794,2.82955702203475,A,2010
926,8.86190420951982,1.15444114281718,B,2010
927,31.1960037454577,0.5691492780754,C,2010
928,4.51281061138971,0.512975405152513,D,2010
929,8.8769024219659,0.77840515942607,A,2010
930,5.65778399924846,0.0990760603804045,B,2010
931,11.6051766388272,0.88341393787655,C,2010
932,3.1162313583535,0.453965261003208,D,2010
933,2.79554380536827,0.939659220250088,A,2010
934,28.8566328775532,1.00294376648326,B,2010
935,0.0259443626262444,0.283359810400724,C,2010
936,3.9435325792808,1.15185268404761,D,2010
937,0.0449910445993765,0.61942552893631,A,2010
938,6.92850620548444,1.53063542383753,B,2010
939,17.2026222725705,0.411939633634171,C,2010
940,10.5642953465591,1.2740647341505,D,2010
941,6.44300395468619,0.0377045424313196,A,2010
942,2.95013260119927,0.168112211030263,B,2010
943,24.3116779465259,0.650188496551408,C,2010
944,11.7592161399913,0.845056469169688,D,2010
945,11.0604221755581,0.578956762931236,A,2010
946,0.748854266391328,0.365499764948989,B,2010
947,4.11403575938726,0.283971756457197,C,2010
948,10.7536759708723,0.0875601339396798,D,2010
949,16.7213024575815,1.07300347821083,A,2010
950,7.43780645338158,0.241487022732638,B,2010
951,3.57779125978906,1.64265840984131,C,2010
952,10.2848449044763,1.26494756590482,D,2010
953,11.9165202107607,0.730150223145209,A,2010
954,15.2126160583896,1.50151273904648,B,2010
955,2.9626022973774,0.504914803165933,C,2010
956,10.3775309902611,1.00119266335874,D,2010
957,6.25593686983332,0.944261292043156,A,2010
958,0.209574672271218,0.750886192526275,B,2010
959,3.26307359283643,0.165651107607979,C,2010
960,1.29646277514654,1.0076062074942,D,2010
961,2.01308709322425,0.145044753984579,A,2010
962,4.73822794650368,0.47523004883926,B,2010
963,20.7357005853406,0.310042917199496,C,2010
964,9.46821608332295,1.45123831203884,D,2010
965,4.0294787772009,1.37809822229287,A,2010
966,13.9547836110621,1.46323470071577,B,2010
967,12.597741697114,0.22399789831204,C,2010
968,8.60409073026311,1.48997416004994,D,2010
969,26.9714181710136,0.165089573969223,A,2010
970,0.472855441494279,0.869748500261092,B,2010
971,2.02824326810477,0.963801465107128,C,2010
972,2.68912871175183,0.0354464294372841,D,2010
973,4.35551809537623,0.100996085221258,A,2010
974,4.09719286174758,0.470001736182872,B,2010
975,0.593809519300892,0.246277654537303,C,2010
976,3.22152494216939,0.83538054154558,D,2010
977,2.70030409487297,1.80303761713843,A,2010
978,1.32229148699209,0.982763252437293,B,2010
979,20.6752332856047,0.961841205652993,C,2010
980,5.16298378704103,1.86050256387661,D,2010
981,11.3179762206568,0.978231110227588,A,2010
982,9.6218494913251,0.880251639511521,B,2010
983,14.1501502088903,0.208462601687042,C,2010
984,18.5319400426977,1.30859159980011,D,2010
985,9.52669182114607,0.267975062374905,A,2010
986,2.22124752296814,0.25650092083679,B,2010
987,8.39056329391995,0.633707564928866,C,2010
988,16.6268035426154,0.476933211739031,D,2010
989,5.31019227678339,0.623225760104178,A,2010
990,6.30126126886011,1.56783078536444,B,2010
991,9.60342424670668,0.603665869828901,C,2010
992,10.9313198993077,2.22570391265739,D,2010
993,2.72289796474975,0.415027859218244,A,2010
994,13.9497358477118,0.387007747753461,B,2010
995,0.0399191015891069,0.0832099827432749,C,2010
996,28.1785563567076,0.615905872105139,D,2010
997,14.2853750570067,0.453039721323913,A,2010
998,9.07591833402605,0.644527325292325,B,2010
999,8.69749346552742,0.465596576005787,C,2010
1000,8.15018797045005,1.17930640108616,D,2010
